Date,PG,^GSPC
01/04/2010,61.119999,1132.98999
01/05/2010,61.139999,1136.52002
01/06/2010,60.849998,1137.140015
01/07/2010,60.52,1141.689941
01/08/2010,60.439999,1144.97998
01/11/2010,60.200001,1146.97998
01/12/2010,60.889999,1136.219971
01/13/2010,61.52,1145.680054
01/14/2010,61.580002,1148.459961
01/15/2010,60.82,1136.030029
01/19/2010,61.720001,1150.22998
01/20/2010,60.450001,1138.040039
01/21/2010,59.84,1116.47998
01/22/2010,60.310001,1091.76001
01/25/2010,60.630001,1096.780029
01/26/2010,60.689999,1092.170044
01/27/2010,60.810001,1097.5
01/28/2010,61.68,1084.530029
01/29/2010,61.549999,1073.869995
02/01/2010,61.990002,1089.189941
02/02/2010,62.900002,1103.319946
02/03/2010,62.650002,1097.280029
02/04/2010,61.400002,1063.109985
02/05/2010,61.299999,1066.189941
02/08/2010,61.009998,1056.73999
02/09/2010,61.759998,1070.52002
02/10/2010,61.669998,1068.130005
02/11/2010,61.959999,1078.469971
02/12/2010,61.759998,1075.51001
02/16/2010,62.830002,1094.869995
02/17/2010,62.849998,1099.51001
02/18/2010,63.389999,1106.75
02/19/2010,63.450001,1109.170044
02/22/2010,63.419998,1108.01001
02/23/2010,63.209999,1094.599976
02/24/2010,63.889999,1105.23999
02/25/2010,63.700001,1102.939941
02/26/2010,63.279999,1104.48999
03/01/2010,63.509998,1115.709961
03/02/2010,63.709999,1118.310059
03/03/2010,63.549999,1118.790039
03/04/2010,63.669998,1122.969971
03/05/2010,63.689999,1138.699951
03/08/2010,63.189999,1138.5
03/09/2010,63.299999,1140.449951
03/10/2010,63.009998,1145.609985
03/11/2010,63.169998,1150.23999
03/12/2010,63.32,1149.98999
03/15/2010,63.700001,1150.51001
03/16/2010,63.529999,1159.459961
03/17/2010,64.010002,1166.209961
03/18/2010,63.73,1165.829956
03/19/2010,63.84,1159.900024
03/22/2010,63.880001,1165.810059
03/23/2010,64.529999,1174.170044
03/24/2010,63.610001,1167.719971
03/25/2010,63.619999,1165.72998
03/26/2010,63.689999,1166.589966
03/29/2010,63.73,1173.219971
03/30/2010,63.66,1173.27002
03/31/2010,63.27,1169.430054
04/01/2010,63.360001,1178.099976
04/05/2010,63.759998,1187.439941
04/06/2010,63.110001,1189.439941
04/07/2010,62.5,1182.449951
04/08/2010,62.560001,1186.439941
04/09/2010,62.73,1194.369995
04/12/2010,62.700001,1196.47998
04/13/2010,63,1197.300049
04/14/2010,63.189999,1210.650024
04/15/2010,63,1211.670044
04/16/2010,62.849998,1192.130005
04/19/2010,63.220001,1197.52002
04/20/2010,63.189999,1207.170044
04/21/2010,63.630001,1205.939941
04/22/2010,63.59,1208.670044
04/23/2010,63.540001,1217.280029
04/26/2010,63.939999,1212.050049
04/27/2010,63.110001,1183.709961
04/28/2010,63.169998,1191.359985
04/29/2010,62.200001,1206.780029
04/30/2010,62.16,1186.689941
05/03/2010,62.68,1202.26001
05/04/2010,61.709999,1173.599976
05/05/2010,62.16,1165.869995
05/06/2010,60.75,1128.150024
05/07/2010,60.310001,1110.880005
05/10/2010,62.419998,1159.72998
05/11/2010,62.369999,1155.790039
05/12/2010,63.02,1171.670044
05/13/2010,62.75,1157.439941
05/14/2010,62.540001,1135.680054
05/17/2010,63.380001,1136.939941
05/18/2010,63.209999,1120.800049
05/19/2010,63.220001,1115.050049
05/20/2010,61.610001,1071.589966
05/21/2010,61.849998,1087.689941
05/24/2010,61.400002,1073.650024
05/25/2010,61.049999,1074.030029
05/26/2010,60.439999,1067.949951
05/27/2010,60.950001,1103.060059
05/28/2010,61.09,1089.410034
06/01/2010,61.16,1070.709961
06/02/2010,61.740002,1098.380005
06/03/2010,61.799999,1102.829956
06/04/2010,60.799999,1064.880005
06/07/2010,60.619999,1050.469971
06/08/2010,62.139999,1062
06/09/2010,61.470001,1055.689941
06/10/2010,61.91,1086.839966
06/11/2010,61.009998,1091.599976
06/14/2010,61.25,1089.630005
06/15/2010,61.91,1115.22998
06/16/2010,61.189999,1114.609985
06/17/2010,61.759998,1116.040039
06/18/2010,61.299999,1117.51001
06/21/2010,61.099998,1113.199951
06/22/2010,60.720001,1095.310059
06/23/2010,61.380001,1092.040039
06/24/2010,60.869999,1073.689941
06/25/2010,59.790001,1076.76001
06/28/2010,60.619999,1074.569946
06/29/2010,60.32,1041.23999
06/30/2010,59.98,1030.709961
07/01/2010,59.540001,1027.369995
07/02/2010,59.380001,1022.580017
07/06/2010,59.34,1028.060059
07/07/2010,60.82,1060.27002
07/08/2010,61.950001,1070.25
07/09/2010,61.75,1077.959961
07/12/2010,62.09,1078.75
07/13/2010,62.389999,1095.339966
07/14/2010,62.66,1095.170044
07/15/2010,62.73,1096.47998
07/16/2010,61.990002,1064.880005
07/19/2010,61.860001,1071.25
07/20/2010,62.07,1083.47998
07/21/2010,61.110001,1069.589966
07/22/2010,61.369999,1093.670044
07/23/2010,61.91,1102.660034
07/26/2010,62.52,1115.01001
07/27/2010,63.080002,1113.839966
07/28/2010,62.700001,1106.130005
07/29/2010,61.669998,1101.530029
07/30/2010,61.16,1101.599976
08/02/2010,62.060001,1125.859985
08/03/2010,59.939999,1120.459961
08/04/2010,59.549999,1127.23999
08/05/2010,59.860001,1125.810059
08/06/2010,60.02,1121.640015
08/09/2010,60.380001,1127.790039
08/10/2010,60.779999,1121.060059
08/11/2010,60.27,1089.469971
08/12/2010,59.990002,1083.609985
08/13/2010,59.82,1079.25
08/16/2010,59.77,1079.380005
08/17/2010,60.290001,1092.540039
08/18/2010,60.75,1094.160034
08/19/2010,60.189999,1075.630005
08/20/2010,59.98,1071.689941
08/23/2010,60.029999,1067.359985
08/24/2010,59.66,1051.869995
08/25/2010,59.669998,1055.329956
08/26/2010,59.540001,1047.219971
08/27/2010,59.799999,1064.589966
08/30/2010,59.369999,1048.920044
08/31/2010,59.669998,1049.329956
09/01/2010,59.799999,1080.290039
09/02/2010,60.07,1090.099976
09/03/2010,60.290001,1104.51001
09/07/2010,60.139999,1091.839966
09/08/2010,60.369999,1098.869995
09/09/2010,60.290001,1104.180054
09/10/2010,60.400002,1109.550049
09/13/2010,60.48,1121.900024
09/14/2010,60.639999,1121.099976
09/15/2010,61.110001,1125.069946
09/16/2010,61.110001,1124.660034
09/17/2010,60.970001,1125.589966
09/20/2010,61.43,1142.709961
09/21/2010,61.52,1139.780029
09/22/2010,61.790001,1134.280029
09/23/2010,61.220001,1124.829956
09/24/2010,61.639999,1148.670044
09/27/2010,61.040001,1142.160034
09/28/2010,60.619999,1147.699951
09/29/2010,60.25,1144.72998
09/30/2010,59.970001,1141.199951
10/01/2010,60.16,1146.23999
10/04/2010,59.959999,1137.030029
10/05/2010,60.82,1160.75
10/06/2010,60.869999,1159.969971
10/07/2010,60.799999,1158.060059
10/08/2010,61.860001,1165.150024
10/11/2010,62.139999,1165.319946
10/12/2010,62.02,1169.77002
10/13/2010,62.630001,1178.099976
10/14/2010,62.799999,1173.810059
10/15/2010,62.759998,1176.189941
10/18/2010,63.349998,1184.709961
10/19/2010,63.18,1165.900024
10/20/2010,63.369999,1178.170044
10/21/2010,63.509998,1180.26001
10/22/2010,63.400002,1183.079956
10/25/2010,63.540001,1185.619995
10/26/2010,62.860001,1185.640015
10/27/2010,63.080002,1182.449951
10/28/2010,63.189999,1183.780029
10/29/2010,63.57,1183.26001
11/01/2010,63.619999,1184.380005
11/02/2010,64.019997,1193.569946
11/03/2010,64.309998,1197.959961
11/04/2010,65,1221.060059
11/05/2010,65,1225.849976
11/08/2010,64.75,1223.25
11/09/2010,64.809998,1213.400024
11/10/2010,64.57,1218.709961
11/11/2010,64.360001,1213.540039
11/12/2010,64.330002,1199.209961
11/15/2010,64.290001,1197.75
11/16/2010,63.450001,1178.339966
11/17/2010,63.27,1178.589966
11/18/2010,64.019997,1196.689941
11/19/2010,64.050003,1199.72998
11/22/2010,63.560001,1197.839966
11/23/2010,62.610001,1180.72998
11/24/2010,62.599998,1198.349976
11/26/2010,62.130001,1189.400024
11/29/2010,62.130001,1187.76001
11/30/2010,61.07,1180.550049
12/01/2010,62.150002,1206.069946
12/02/2010,62.360001,1221.530029
12/03/2010,62.330002,1224.709961
12/06/2010,62.060001,1223.119995
12/07/2010,62.150002,1223.75
12/08/2010,62.630001,1228.280029
12/09/2010,62.869999,1233
12/10/2010,63.200001,1240.400024
12/13/2010,63.189999,1240.459961
12/14/2010,63.549999,1241.589966
12/15/2010,63.639999,1235.22998
12/16/2010,64.5,1242.869995
12/17/2010,64.809998,1243.910034
12/20/2010,64.970001,1247.079956
12/21/2010,64.870003,1254.599976
12/22/2010,64.949997,1258.839966
12/23/2010,65.239998,1256.77002
12/27/2010,64.669998,1257.540039
12/28/2010,64.760002,1258.51001
12/29/2010,64.400002,1259.780029
12/30/2010,64.279999,1257.880005
12/31/2010,64.330002,1257.640015
01/03/2011,64.769997,1271.869995
01/04/2011,64.949997,1270.199951
01/05/2011,64.800003,1276.560059
01/06/2011,64.690002,1273.849976
01/07/2011,64.5,1271.5
01/10/2011,64.360001,1269.75
01/11/2011,64.040001,1274.47998
01/12/2011,64.970001,1285.959961
01/13/2011,65.480003,1283.76001
01/14/2011,65.529999,1293.23999
01/18/2011,65.5,1295.02002
01/19/2011,65.349998,1281.920044
01/20/2011,65.800003,1280.26001
01/21/2011,65.910004,1283.349976
01/24/2011,66.580002,1290.839966
01/25/2011,66.699997,1291.180054
01/26/2011,66.110001,1296.630005
01/27/2011,64.18,1299.540039
01/28/2011,64.199997,1276.339966
01/31/2011,63.130001,1286.119995
02/01/2011,62.919998,1307.589966
02/02/2011,62.790001,1304.030029
02/03/2011,62.900002,1307.099976
02/04/2011,63.610001,1310.869995
02/07/2011,64.550003,1319.050049
02/08/2011,64.639999,1324.569946
02/09/2011,64.389999,1320.880005
02/10/2011,64.580002,1321.869995
02/11/2011,64.730003,1329.150024
02/14/2011,64.540001,1332.319946
02/15/2011,63.919998,1328.01001
02/16/2011,63.759998,1336.319946
02/17/2011,64,1340.430054
02/18/2011,64.300003,1343.01001
02/22/2011,64.07,1315.439941
02/23/2011,64.150002,1307.400024
02/24/2011,63.049999,1306.099976
02/25/2011,62.84,1319.880005
02/28/2011,63.049999,1327.219971
03/01/2011,62.740002,1306.329956
03/02/2011,62.41,1308.439941
03/03/2011,62.549999,1330.969971
03/04/2011,62.029999,1321.150024
03/07/2011,61.709999,1310.130005
03/08/2011,62.049999,1321.819946
03/09/2011,62,1320.02002
03/10/2011,61.490002,1295.109985
03/11/2011,61.490002,1304.280029
03/14/2011,61.349998,1296.390015
03/15/2011,60.66,1281.869995
03/16/2011,59.73,1256.880005
03/17/2011,60.43,1273.719971
03/18/2011,60.599998,1279.209961
03/21/2011,61.299999,1298.380005
03/22/2011,60.93,1293.77002
03/23/2011,60.91,1297.540039
03/24/2011,61.139999,1309.660034
03/25/2011,60.880001,1313.800049
03/28/2011,60.66,1310.189941
03/29/2011,61.279999,1319.439941
03/30/2011,61.970001,1328.26001
03/31/2011,61.599998,1325.829956
04/01/2011,62.080002,1332.410034
04/04/2011,62.259998,1332.869995
04/05/2011,61.669998,1332.630005
04/06/2011,61.759998,1335.540039
04/07/2011,62.130001,1333.51001
04/08/2011,61.900002,1328.170044
04/11/2011,62.189999,1324.459961
04/12/2011,62.889999,1314.160034
04/13/2011,62.990002,1314.410034
04/14/2011,63.299999,1314.52002
04/15/2011,64.18,1319.680054
04/18/2011,64,1305.140015
04/19/2011,63.860001,1312.619995
04/20/2011,63.720001,1330.359985
04/21/2011,63.27,1337.380005
04/25/2011,63.369999,1335.25
04/26/2011,63.830002,1347.23999
04/27/2011,64.019997,1355.660034
04/28/2011,64.5,1360.47998
04/29/2011,64.900002,1363.609985
05/02/2011,65.18,1361.219971
05/03/2011,65.709999,1356.619995
05/04/2011,66.470001,1347.319946
05/05/2011,65.879997,1335.099976
05/06/2011,65.269997,1340.199951
05/09/2011,65.139999,1346.290039
05/10/2011,65.730003,1357.160034
05/11/2011,65.919998,1342.079956
05/12/2011,66.839996,1348.650024
05/13/2011,66.860001,1337.77002
05/16/2011,66.940002,1329.469971
05/17/2011,67.419998,1328.97998
05/18/2011,67.379997,1340.680054
05/19/2011,67.459999,1343.599976
05/20/2011,67.360001,1333.27002
05/23/2011,67.050003,1317.369995
05/24/2011,67.010002,1316.280029
05/25/2011,66.379997,1320.469971
05/26/2011,66.190002,1325.689941
05/27/2011,66.199997,1331.099976
05/31/2011,67,1345.199951
06/01/2011,66.400002,1314.550049
06/02/2011,66.010002,1312.939941
06/03/2011,65.43,1300.160034
06/06/2011,65.5,1286.170044
06/07/2011,65.059998,1284.939941
06/08/2011,64.849998,1279.560059
06/09/2011,65.010002,1289
06/10/2011,64.699997,1270.97998
06/13/2011,64.769997,1271.829956
06/14/2011,64.760002,1287.869995
06/15/2011,63.759998,1265.420044
06/16/2011,64.260002,1267.640015
06/17/2011,64.690002,1271.5
06/20/2011,65.089996,1278.359985
06/21/2011,64.220001,1295.52002
06/22/2011,64.059998,1287.140015
06/23/2011,63.459999,1283.5
06/24/2011,62.59,1268.449951
06/27/2011,62.82,1280.099976
06/28/2011,62.720001,1296.670044
06/29/2011,62.549999,1307.410034
06/30/2011,63.57,1320.640015
07/01/2011,64.269997,1339.670044
07/05/2011,64.260002,1337.880005
07/06/2011,64.699997,1339.219971
07/07/2011,64.949997,1353.219971
07/08/2011,64.93,1343.800049
07/11/2011,64.720001,1319.48999
07/12/2011,64.529999,1313.640015
07/13/2011,64.639999,1317.719971
07/14/2011,64.599998,1308.869995
07/15/2011,64.830002,1316.140015
07/18/2011,64.550003,1305.439941
07/19/2011,64.610001,1326.72998
07/20/2011,64.199997,1325.839966
07/21/2011,64.489998,1343.800049
07/22/2011,64.25,1345.02002
07/25/2011,63.310001,1337.430054
07/26/2011,63.09,1331.939941
07/27/2011,62.200001,1304.890015
07/28/2011,61.919998,1300.670044
07/29/2011,61.490002,1292.280029
08/01/2011,61.43,1286.939941
08/02/2011,60.869999,1254.050049
08/03/2011,60.73,1260.339966
08/04/2011,59.580002,1200.069946
08/05/2011,60.59,1199.380005
08/08/2011,59.290001,1119.459961
08/09/2011,60.220001,1172.530029
08/10/2011,58.509998,1120.76001
08/11/2011,60.450001,1172.640015
08/12/2011,61.139999,1178.810059
08/15/2011,61.880001,1204.48999
08/16/2011,61.619999,1192.76001
08/17/2011,61.669998,1193.890015
08/18/2011,60.860001,1140.650024
08/19/2011,60.959999,1123.530029
08/22/2011,61.709999,1123.819946
08/23/2011,63.02,1162.349976
08/24/2011,63.310001,1177.599976
08/25/2011,62.529999,1159.27002
08/26/2011,62.57,1176.800049
08/29/2011,63.09,1210.079956
08/30/2011,63.5,1212.920044
08/31/2011,63.68,1218.890015
09/01/2011,63.259998,1204.420044
09/02/2011,62.549999,1173.969971
09/06/2011,62.380001,1165.23999
09/07/2011,62.720001,1198.619995
09/08/2011,62.91,1185.900024
09/09/2011,61.84,1154.22998
09/12/2011,61.830002,1162.27002
09/13/2011,61.939999,1172.869995
09/14/2011,62.34,1188.680054
09/15/2011,62.779999,1209.109985
09/16/2011,64.330002,1216.01001
09/19/2011,63.810001,1204.089966
09/20/2011,64.080002,1202.089966
09/21/2011,63.02,1166.76001
09/22/2011,61.169998,1129.560059
09/23/2011,61.25,1136.430054
09/26/2011,62.540001,1162.949951
09/27/2011,63.259998,1175.380005
09/28/2011,62.73,1151.060059
09/29/2011,63.700001,1160.400024
09/30/2011,63.18,1131.420044
10/03/2011,62.84,1099.22998
10/04/2011,63.369999,1123.949951
10/05/2011,63.34,1144.030029
10/06/2011,63.610001,1164.969971
10/07/2011,63.91,1155.459961
10/10/2011,64.800003,1194.890015
10/11/2011,64.57,1195.540039
10/12/2011,64.889999,1207.25
10/13/2011,64.650002,1203.660034
10/14/2011,64.889999,1224.579956
10/17/2011,64.260002,1200.859985
10/18/2011,64.919998,1225.380005
10/19/2011,64.75,1209.880005
10/20/2011,65.089996,1215.390015
10/21/2011,66.260002,1238.25
10/24/2011,65.370003,1254.189941
10/25/2011,64.510002,1229.050049
10/26/2011,64.949997,1242
10/27/2011,65.260002,1284.589966
10/28/2011,64.730003,1285.089966
10/31/2011,63.990002,1253.300049
11/01/2011,62.709999,1218.280029
11/02/2011,62.860001,1237.900024
11/03/2011,63.209999,1261.150024
11/04/2011,63.029999,1253.22998
11/07/2011,63.459999,1261.119995
11/08/2011,64.209999,1275.920044
11/09/2011,62.720001,1229.099976
11/10/2011,63.240002,1239.699951
11/11/2011,63.889999,1263.849976
11/14/2011,63.049999,1251.780029
11/15/2011,63.560001,1257.810059
11/16/2011,63.279999,1236.910034
11/17/2011,62.939999,1216.130005
11/18/2011,63.240002,1215.650024
11/21/2011,61.66,1192.97998
11/22/2011,61.689999,1188.040039
11/23/2011,61.060001,1161.790039
11/25/2011,61,1158.670044
11/28/2011,62.240002,1192.550049
11/29/2011,62.529999,1195.189941
11/30/2011,64.57,1246.959961
12/01/2011,64.080002,1244.579956
12/02/2011,64.660004,1244.280029
12/05/2011,64.839996,1257.079956
12/06/2011,64.839996,1258.469971
12/07/2011,65.230003,1261.01001
12/08/2011,64.470001,1234.349976
12/09/2011,64.970001,1255.189941
12/12/2011,64.309998,1236.469971
12/13/2011,64.730003,1225.72998
12/14/2011,64.449997,1211.819946
12/15/2011,64.989998,1215.75
12/16/2011,65.139999,1219.660034
12/19/2011,64.949997,1205.349976
12/20/2011,65.790001,1241.300049
12/21/2011,66,1243.719971
12/22/2011,66.190002,1254
12/23/2011,66.669998,1265.329956
12/27/2011,66.790001,1265.430054
12/28/2011,66.540001,1249.640015
12/29/2011,66.970001,1263.02002
12/30/2011,66.709999,1257.599976
01/03/2012,66.830002,1277.060059
01/04/2012,66.800003,1277.300049
01/05/2012,66.519997,1281.060059
01/06/2012,66.360001,1277.810059
01/09/2012,66.639999,1280.699951
01/10/2012,66.330002,1292.079956
01/11/2012,65.68,1292.47998
01/12/2012,65.809998,1295.5
01/13/2012,65.809998,1289.089966
01/17/2012,66.260002,1293.670044
01/18/2012,66.029999,1308.040039
01/19/2012,66.080002,1314.5
01/20/2012,66.230003,1315.380005
01/23/2012,65,1316
01/24/2012,64.5,1314.650024
01/25/2012,64.980003,1326.060059
01/26/2012,64.800003,1318.430054
01/27/2012,64.300003,1316.329956
01/30/2012,63.209999,1313.01001
01/31/2012,63.040001,1312.410034
02/01/2012,63.209999,1324.089966
02/02/2012,63.32,1325.540039
02/03/2012,62.77,1344.900024
02/06/2012,63.509998,1344.329956
02/07/2012,63.700001,1347.050049
02/08/2012,63.639999,1349.959961
02/09/2012,64.040001,1351.949951
02/10/2012,63.880001,1342.640015
02/13/2012,64.230003,1351.77002
02/14/2012,64.480003,1350.5
02/15/2012,64.550003,1343.22998
02/16/2012,65.199997,1358.040039
02/17/2012,64.910004,1361.22998
02/21/2012,64.419998,1362.209961
02/22/2012,64.440002,1357.660034
02/23/2012,66.419998,1363.459961
02/24/2012,66.709999,1365.73999
02/27/2012,66.699997,1367.589966
02/28/2012,67.389999,1372.180054
02/29/2012,67.620003,1365.680054
03/01/2012,66.660004,1374.089966
03/02/2012,66.669998,1369.630005
03/05/2012,66.949997,1364.329956
03/06/2012,66.839996,1343.359985
03/07/2012,66.580002,1352.630005
03/08/2012,66.900002,1365.910034
03/09/2012,66.93,1370.869995
03/12/2012,67.709999,1371.089966
03/13/2012,67.900002,1395.949951
03/14/2012,67.849998,1394.280029
03/15/2012,67.68,1402.599976
03/16/2012,67.25,1404.170044
03/19/2012,67.209999,1409.75
03/20/2012,67.209999,1405.52002
03/21/2012,67.199997,1402.890015
03/22/2012,67.519997,1392.780029
03/23/2012,67.43,1397.109985
03/26/2012,67.459999,1416.51001
03/27/2012,67.150002,1412.52002
03/28/2012,67.190002,1405.540039
03/29/2012,67.010002,1403.280029
03/30/2012,67.209999,1408.469971
04/02/2012,67.559998,1419.040039
04/03/2012,67.089996,1413.380005
04/04/2012,67.260002,1398.959961
04/05/2012,67.309998,1398.079956
04/09/2012,66.809998,1382.199951
04/10/2012,66.349998,1358.589966
04/11/2012,66.440002,1368.709961
04/12/2012,66.089996,1387.569946
04/13/2012,65.809998,1370.26001
04/16/2012,66.779999,1369.569946
04/17/2012,67.019997,1390.780029
04/18/2012,66.75,1385.140015
04/19/2012,66.57,1376.920044
04/20/2012,67.510002,1378.530029
04/23/2012,66.650002,1366.939941
04/24/2012,67,1371.969971
04/25/2012,66.889999,1390.689941
04/26/2012,66.870003,1399.97998
04/27/2012,64.440002,1403.359985
04/30/2012,63.639999,1397.910034
05/01/2012,63.57,1405.819946
05/02/2012,63.98,1402.310059
05/03/2012,64.510002,1391.569946
05/04/2012,64.279999,1369.099976
05/07/2012,64.25,1369.579956
05/08/2012,64.160004,1363.719971
05/09/2012,63.669998,1354.579956
05/10/2012,64.139999,1357.98999
05/11/2012,63.68,1353.390015
05/14/2012,63.580002,1338.349976
05/15/2012,63.720001,1330.660034
05/16/2012,64.290001,1324.800049
05/17/2012,63.959999,1304.859985
05/18/2012,63.52,1295.219971
05/21/2012,63.389999,1315.98999
05/22/2012,63.150002,1316.630005
05/23/2012,62.389999,1318.859985
05/24/2012,62.57,1320.680054
05/25/2012,62.490002,1317.819946
05/29/2012,62.950001,1332.420044
05/30/2012,62.32,1313.319946
05/31/2012,62.290001,1310.329956
06/01/2012,61.549999,1278.040039
06/04/2012,61.400002,1278.180054
06/05/2012,61.169998,1285.5
06/06/2012,61.799999,1315.130005
06/07/2012,62.759998,1314.98999
06/08/2012,62.75,1325.660034
06/11/2012,62.540001,1308.930054
06/12/2012,62.759998,1324.180054
06/13/2012,62.57,1314.880005
06/14/2012,63.18,1329.099976
06/15/2012,62.880001,1342.839966
06/18/2012,62.290001,1344.780029
06/19/2012,62.209999,1357.97998
06/20/2012,60.389999,1355.689941
06/21/2012,59.75,1325.51001
06/22/2012,59.830002,1335.02002
06/25/2012,59.310001,1313.719971
06/26/2012,59.27,1319.98999
06/27/2012,59.98,1331.849976
06/28/2012,60.290001,1329.040039
06/29/2012,61.25,1362.160034
07/02/2012,61.189999,1365.51001
07/03/2012,61.360001,1374.02002
07/05/2012,61.349998,1367.579956
07/06/2012,61.279999,1354.680054
07/09/2012,61.549999,1352.459961
07/10/2012,61.73,1341.469971
07/11/2012,61.400002,1341.449951
07/12/2012,63.700001,1334.76001
07/13/2012,65.089996,1356.780029
07/16/2012,64.809998,1353.640015
07/17/2012,65.349998,1363.670044
07/18/2012,64.82,1372.780029
07/19/2012,64.919998,1376.51001
07/20/2012,64.730003,1362.660034
07/23/2012,64.389999,1350.52002
07/24/2012,64.019997,1338.310059
07/25/2012,64.019997,1337.890015
07/26/2012,64.559998,1360.02002
07/27/2012,65.089996,1385.969971
07/30/2012,65.099998,1385.300049
07/31/2012,64.540001,1379.319946
08/01/2012,64.010002,1375.319946
08/02/2012,63.509998,1365
08/03/2012,65.5,1390.98999
08/06/2012,65.809998,1394.22998
08/07/2012,66.220001,1401.349976
08/08/2012,66.720001,1402.219971
08/09/2012,66.730003,1402.800049
08/10/2012,66.769997,1405.869995
08/13/2012,66.480003,1404.109985
08/14/2012,66.730003,1403.930054
08/15/2012,66.639999,1405.530029
08/16/2012,67,1415.51001
08/17/2012,67,1418.160034
08/20/2012,66.75,1418.130005
08/21/2012,66.769997,1413.170044
08/22/2012,66.849998,1413.48999
08/23/2012,66.68,1402.079956
08/24/2012,67.019997,1411.130005
08/27/2012,67.110001,1410.439941
08/28/2012,66.989998,1409.300049
08/29/2012,66.870003,1410.48999
08/30/2012,66.879997,1399.47998
08/31/2012,67.190002,1406.579956
09/04/2012,67.400002,1404.939941
09/05/2012,67.290001,1403.439941
09/06/2012,68.239998,1432.119995
09/07/2012,68.519997,1437.920044
09/10/2012,68.510002,1429.079956
09/11/2012,68.260002,1433.560059
09/12/2012,68.099998,1436.560059
09/13/2012,68.910004,1459.98999
09/14/2012,69.160004,1465.77002
09/17/2012,69.25,1461.189941
09/18/2012,69.220001,1459.319946
09/19/2012,69.260002,1461.050049
09/20/2012,69.559998,1460.26001
09/21/2012,69.419998,1460.150024
09/24/2012,69.760002,1456.890015
09/25/2012,69.589996,1441.589966
09/26/2012,69.300003,1433.319946
09/27/2012,69.300003,1447.150024
09/28/2012,69.360001,1440.670044
10/01/2012,69.449997,1444.48999
10/02/2012,68.790001,1445.75
10/03/2012,69.169998,1450.98999
10/04/2012,69.379997,1461.400024
10/05/2012,69.629997,1460.930054
10/08/2012,69.099998,1455.880005
10/09/2012,68.699997,1441.47998
10/10/2012,68.139999,1432.560059
10/11/2012,68,1432.839966
10/12/2012,67.940002,1428.589966
10/15/2012,68.709999,1440.130005
10/16/2012,69,1454.920044
10/17/2012,69.470001,1460.910034
10/18/2012,69.470001,1457.339966
10/19/2012,68.57,1433.189941
10/22/2012,68.5,1433.819946
10/23/2012,67.440002,1413.109985
10/24/2012,68.080002,1408.75
10/25/2012,70.07,1412.969971
10/26/2012,69.440002,1411.939941
10/31/2012,69.239998,1412.160034
11/01/2012,69.25,1427.589966
11/02/2012,69.190002,1414.199951
11/05/2012,68.669998,1417.26001
11/06/2012,68.93,1428.390015
11/07/2012,68.059998,1394.530029
11/08/2012,66.910004,1377.51001
11/09/2012,67.010002,1379.849976
11/12/2012,67.080002,1380.030029
11/13/2012,66.849998,1374.530029
11/14/2012,66.529999,1355.48999
11/15/2012,66.32,1353.329956
11/16/2012,66.82,1359.880005
11/19/2012,67.919998,1386.890015
11/20/2012,68.300003,1387.810059
11/21/2012,68.470001,1391.030029
11/23/2012,69.589996,1409.150024
11/26/2012,69.480003,1406.290039
11/27/2012,68.989998,1398.939941
11/28/2012,69.440002,1409.930054
11/29/2012,69.5,1415.949951
11/30/2012,69.830002,1416.180054
12/03/2012,69.580002,1409.459961
12/04/2012,69.309998,1407.050049
12/05/2012,69.410004,1409.280029
12/06/2012,69.949997,1413.939941
12/07/2012,70.290001,1418.069946
12/10/2012,70.220001,1418.550049
12/11/2012,70.660004,1427.839966
12/12/2012,70.760002,1428.47998
12/13/2012,70.129997,1419.449951
12/14/2012,69.93,1413.579956
12/17/2012,69.93,1430.359985
12/18/2012,69.970001,1446.790039
12/19/2012,69.339996,1435.810059
12/20/2012,69.82,1443.689941
12/21/2012,68.720001,1430.150024
12/24/2012,68.519997,1426.660034
12/26/2012,68,1419.829956
12/27/2012,67.970001,1418.099976
12/28/2012,67.150002,1402.430054
12/31/2012,67.889999,1426.189941
01/02/2013,69.389999,1462.420044
01/03/2013,68.949997,1459.369995
01/04/2013,69.089996,1466.469971
01/07/2013,68.620003,1461.890015
01/08/2013,68.510002,1457.150024
01/09/2013,68.879997,1461.02002
01/10/2013,69.269997,1472.119995
01/11/2013,69.220001,1472.050049
01/14/2013,69.629997,1470.680054
01/15/2013,69.879997,1472.339966
01/16/2013,69.339996,1472.630005
01/17/2013,69.669998,1480.939941
01/18/2013,69.940002,1485.97998
01/22/2013,69.949997,1492.560059
01/23/2013,70.690002,1494.810059
01/24/2013,70.419998,1494.819946
01/25/2013,73.25,1502.959961
01/28/2013,73.769997,1500.180054
01/29/2013,75,1507.839966
01/30/2013,75.080002,1501.959961
01/31/2013,75.160004,1498.109985
02/01/2013,75.919998,1513.170044
02/04/2013,75.25,1495.709961
02/05/2013,75.699997,1511.290039
02/06/2013,76.150002,1512.119995
02/07/2013,76.150002,1509.390015
02/08/2013,75.75,1517.930054
02/11/2013,75.809998,1517.01001
02/12/2013,75.980003,1519.430054
02/13/2013,76.559998,1520.329956
02/14/2013,76.779999,1521.380005
02/15/2013,76.540001,1519.790039
02/19/2013,77.379997,1530.939941
02/20/2013,77.080002,1511.949951
02/21/2013,77.040001,1502.420044
02/22/2013,76.989998,1515.599976
02/25/2013,75.919998,1487.849976
02/26/2013,76.080002,1496.939941
02/27/2013,76.75,1515.98999
02/28/2013,76.18,1514.680054
03/01/2013,76.489998,1518.199951
03/04/2013,76.68,1525.199951
03/05/2013,77.050003,1539.790039
03/06/2013,77.199997,1541.459961
03/07/2013,76.900002,1544.26001
03/08/2013,77.18,1551.180054
03/11/2013,77.349998,1556.219971
03/12/2013,77.169998,1552.47998
03/13/2013,76.800003,1554.52002
03/14/2013,77.389999,1563.22998
03/15/2013,76.339996,1560.699951
03/18/2013,76.160004,1552.099976
03/19/2013,77.110001,1548.339966
03/20/2013,77.580002,1558.709961
03/21/2013,77.209999,1545.800049
03/22/2013,77.269997,1556.890015
03/25/2013,76.68,1551.689941
03/26/2013,77.400002,1563.77002
03/27/2013,77.059998,1562.849976
03/28/2013,77.059998,1569.189941
04/01/2013,77.699997,1562.170044
04/02/2013,78.959999,1570.25
04/03/2013,78.120003,1553.689941
04/04/2013,78.540001,1559.97998
04/05/2013,78.230003,1553.280029
04/08/2013,78.790001,1563.069946
04/09/2013,78.260002,1568.609985
04/10/2013,79.239998,1587.72998
04/11/2013,79.669998,1593.369995
04/12/2013,80.080002,1588.849976
04/15/2013,79.650002,1552.359985
04/16/2013,80.099998,1574.569946
04/17/2013,79.059998,1552.01001
04/18/2013,79.870003,1541.609985
04/19/2013,81.43,1555.25
04/22/2013,81.400002,1562.5
04/23/2013,82.540001,1578.780029
04/24/2013,77.120003,1578.790039
04/25/2013,76.580002,1585.160034
04/26/2013,77.099998,1582.23999
04/29/2013,77.68,1593.609985
04/30/2013,76.769997,1597.569946
05/01/2013,76.989998,1582.699951
05/02/2013,77.760002,1597.589966
05/03/2013,78.190002,1614.420044
05/06/2013,77.75,1617.5
05/07/2013,77.940002,1625.959961
05/08/2013,78.440002,1632.689941
05/09/2013,78.209999,1626.670044
05/10/2013,78.760002,1633.699951
05/13/2013,78.589996,1633.77002
05/14/2013,79.470001,1650.339966
05/15/2013,80.68,1658.780029
05/16/2013,80.199997,1650.469971
05/17/2013,80.019997,1667.469971
05/20/2013,79.089996,1666.290039
05/21/2013,78.800003,1669.160034
05/22/2013,78.82,1655.349976
05/23/2013,78.699997,1650.51001
05/24/2013,81.879997,1649.599976
05/28/2013,80.860001,1660.060059
05/29/2013,78.900002,1648.359985
05/30/2013,79.089996,1654.410034
05/31/2013,76.760002,1630.73999
06/03/2013,77.660004,1640.420044
06/04/2013,77.370003,1631.380005
06/05/2013,76.660004,1608.900024
06/06/2013,76.82,1622.560059
06/07/2013,77.75,1643.380005
06/10/2013,78.07,1642.810059
06/11/2013,78.120003,1626.130005
06/12/2013,77.599998,1612.52002
06/13/2013,78.43,1636.359985
06/14/2013,78.029999,1626.72998
06/17/2013,78.959999,1639.040039
06/18/2013,79.040001,1651.810059
06/19/2013,77.610001,1628.930054
06/20/2013,75.25,1588.189941
06/21/2013,77.43,1592.430054
06/24/2013,76.580002,1573.089966
06/25/2013,76.690002,1588.030029
06/26/2013,77.400002,1603.26001
06/27/2013,77.669998,1613.199951
06/28/2013,76.989998,1606.280029
07/01/2013,78.019997,1614.959961
07/02/2013,78.440002,1614.079956
07/03/2013,78.57,1615.410034
07/05/2013,78.339996,1631.890015
07/08/2013,78.760002,1640.459961
07/09/2013,79.57,1652.319946
07/10/2013,79.800003,1652.619995
07/11/2013,80.769997,1675.02002
07/12/2013,81.550003,1680.189941
07/15/2013,81.510002,1682.5
07/16/2013,80.970001,1676.26001
07/17/2013,80.089996,1680.910034
07/18/2013,80.300003,1689.369995
07/19/2013,81.370003,1692.089966
07/22/2013,81.220001,1695.530029
07/23/2013,80.949997,1692.390015
07/24/2013,80.269997,1685.939941
07/25/2013,80.410004,1690.25
07/26/2013,80.389999,1691.650024
07/29/2013,80.089996,1685.329956
07/30/2013,80.440002,1685.959961
07/31/2013,80.300003,1685.72998
08/01/2013,81.639999,1706.869995
08/02/2013,81.290001,1709.670044
08/05/2013,81.400002,1707.140015
08/06/2013,81.739998,1697.369995
08/07/2013,81.959999,1690.910034
08/08/2013,82.169998,1697.47998
08/09/2013,81.639999,1691.420044
08/12/2013,81.620003,1689.469971
08/13/2013,81.660004,1694.160034
08/14/2013,81.25,1685.390015
08/15/2013,80.480003,1661.319946
08/16/2013,79.900002,1655.829956
08/19/2013,79.589996,1646.060059
08/20/2013,79.529999,1652.349976
08/21/2013,79.379997,1642.800049
08/22/2013,79.769997,1656.959961
08/23/2013,80.010002,1663.5
08/26/2013,78.540001,1656.780029
08/27/2013,77.970001,1630.47998
08/28/2013,76.849998,1634.959961
08/29/2013,77.309998,1638.170044
08/30/2013,77.889999,1632.969971
09/03/2013,77.75,1639.77002
09/04/2013,77.489998,1653.079956
09/05/2013,77.139999,1655.079956
09/06/2013,77.150002,1655.170044
09/09/2013,78.160004,1671.709961
09/10/2013,77.949997,1683.98999
09/11/2013,78.269997,1689.130005
09/12/2013,78.260002,1683.420044
09/13/2013,79.050003,1687.98999
09/16/2013,80.160004,1697.599976
09/17/2013,79.830002,1704.76001
09/18/2013,80.300003,1725.52002
09/19/2013,80.120003,1722.339966
09/20/2013,79.389999,1709.910034
09/23/2013,79.279999,1701.839966
09/24/2013,78.620003,1697.420044
09/25/2013,77.720001,1692.77002
09/26/2013,78.050003,1698.670044
09/27/2013,77.209999,1691.75
09/30/2013,75.589996,1681.550049
10/01/2013,76.160004,1695
10/02/2013,75.93,1693.869995
10/03/2013,75.839996,1678.660034
10/04/2013,76.019997,1690.5
10/07/2013,75.650002,1676.119995
10/08/2013,76.330002,1655.449951
10/09/2013,76.949997,1656.400024
10/10/2013,77.889999,1692.560059
10/11/2013,78.480003,1703.199951
10/14/2013,78.739998,1710.140015
10/15/2013,77.599998,1698.060059
10/16/2013,78.339996,1721.540039
10/17/2013,79.419998,1733.150024
10/18/2013,79.410004,1744.5
10/21/2013,78.970001,1744.660034
10/22/2013,80.379997,1754.670044
10/23/2013,80.910004,1746.380005
10/24/2013,80.610001,1752.069946
10/25/2013,80,1759.77002
10/28/2013,81.300003,1762.109985
10/29/2013,82.459999,1771.949951
10/30/2013,81.519997,1763.310059
10/31/2013,80.75,1756.540039
11/01/2013,81.150002,1761.640015
11/04/2013,81.330002,1767.930054
11/05/2013,81.43,1762.969971
11/06/2013,82.809998,1770.48999
11/07/2013,82.32,1747.150024
11/08/2013,82.510002,1770.609985
11/11/2013,82.260002,1771.890015
11/12/2013,82.800003,1767.689941
11/13/2013,83.5,1782
11/14/2013,84.32,1790.619995
11/15/2013,84.839996,1798.180054
11/18/2013,84.57,1791.530029
11/19/2013,84.339996,1787.869995
11/20/2013,84.690002,1781.369995
11/21/2013,84.669998,1795.849976
11/22/2013,84.949997,1804.76001
11/25/2013,85.410004,1802.47998
11/26/2013,84.639999,1802.75
11/27/2013,84.279999,1807.22998
11/29/2013,84.220001,1805.810059
12/02/2013,83.339996,1800.900024
12/03/2013,83.830002,1795.150024
12/04/2013,83.349998,1792.810059
12/05/2013,82.690002,1785.030029
12/06/2013,84.519997,1805.089966
12/09/2013,84.779999,1808.369995
12/10/2013,83.650002,1802.619995
12/11/2013,84.019997,1782.219971
12/12/2013,82.300003,1775.5
12/13/2013,82.370003,1775.319946
12/16/2013,81.690002,1786.540039
12/17/2013,80.910004,1781
12/18/2013,82.379997,1810.650024
12/19/2013,81.900002,1809.599976
12/20/2013,81.839996,1818.319946
12/23/2013,81.309998,1827.98999
12/24/2013,81.309998,1833.319946
12/26/2013,81.760002,1842.02002
12/27/2013,82.010002,1841.400024
12/30/2013,82,1841.069946
12/31/2013,81.410004,1848.359985
01/02/2014,80.540001,1831.97998
01/03/2014,80.449997,1831.369995
01/06/2014,80.639999,1826.77002
01/07/2014,81.419998,1837.880005
01/08/2014,80.239998,1837.48999
01/09/2014,80.419998,1838.130005
01/10/2014,80.300003,1842.369995
01/13/2014,80.010002,1819.199951
01/14/2014,80.870003,1838.880005
01/15/2014,80.790001,1848.380005
01/16/2014,80.559998,1845.890015
01/17/2014,79.879997,1838.699951
01/21/2014,80.18,1843.800049
01/22/2014,79.230003,1844.859985
01/23/2014,78.239998,1828.459961
01/24/2014,79.18,1790.290039
01/27/2014,78.470001,1781.560059
01/28/2014,79.110001,1792.5
01/29/2014,77.639999,1774.199951
01/30/2014,76.870003,1794.189941
01/31/2014,76.620003,1782.589966
02/03/2014,75.699997,1741.890015
02/04/2014,76.089996,1755.199951
02/05/2014,76.449997,1751.640015
02/06/2014,76.900002,1773.430054
02/07/2014,77.309998,1797.02002
02/10/2014,78.029999,1799.839966
02/11/2014,78.839996,1819.75
02/12/2014,77.489998,1819.26001
02/13/2014,77.800003,1829.829956
02/14/2014,79.400002,1838.630005
02/18/2014,77.970001,1840.76001
02/19/2014,78.139999,1828.75
02/20/2014,77.919998,1839.780029
02/21/2014,77.970001,1836.25
02/24/2014,77.860001,1847.609985
02/25/2014,78.120003,1845.119995
02/26/2014,77.860001,1845.160034
02/27/2014,78.190002,1854.290039
02/28/2014,78.660004,1859.449951
03/03/2014,77.480003,1845.72998
03/04/2014,78.449997,1873.910034
03/05/2014,77.82,1873.810059
03/06/2014,78.059998,1877.030029
03/07/2014,78.379997,1878.040039
03/10/2014,78.529999,1877.170044
03/11/2014,78.949997,1867.630005
03/12/2014,79.239998,1868.199951
03/13/2014,79.190002,1846.339966
03/14/2014,78.980003,1841.130005
03/17/2014,79.839996,1858.829956
03/18/2014,79.769997,1872.25
03/19/2014,78.779999,1860.77002
03/20/2014,78.32,1872.01001
03/21/2014,77.879997,1866.52002
03/24/2014,79.300003,1857.439941
03/25/2014,79.809998,1865.619995
03/26/2014,79.5,1852.560059
03/27/2014,79.650002,1849.040039
03/28/2014,79.760002,1857.619995
03/31/2014,80.599998,1872.339966
04/01/2014,80.339996,1885.52002
04/02/2014,80.129997,1890.900024
04/03/2014,80.099998,1888.77002
04/04/2014,79.769997,1865.089966
04/07/2014,80.489998,1845.040039
04/08/2014,81.349998,1851.959961
04/09/2014,81.489998,1872.180054
04/10/2014,81.089996,1833.079956
04/11/2014,80.760002,1815.689941
04/14/2014,80.809998,1830.609985
04/15/2014,80.839996,1842.97998
04/16/2014,81.650002,1862.310059
04/17/2014,81.760002,1864.849976
04/21/2014,81.559998,1871.890015
04/22/2014,81.25,1879.550049
04/23/2014,80.360001,1875.390015
04/24/2014,81.150002,1878.609985
04/25/2014,81.410004,1863.400024
04/28/2014,82.940002,1869.430054
04/29/2014,82.440002,1878.329956
04/30/2014,82.550003,1883.949951
05/01/2014,82.339996,1883.680054
05/02/2014,81.919998,1881.140015
05/05/2014,81.699997,1884.660034
05/06/2014,81.129997,1867.719971
05/07/2014,82.089996,1878.209961
05/08/2014,82.160004,1875.630005
05/09/2014,82.389999,1878.47998
05/12/2014,81.730003,1896.650024
05/13/2014,81.610001,1897.449951
05/14/2014,81.169998,1888.530029
05/15/2014,80.529999,1870.849976
05/16/2014,80.330002,1877.859985
05/19/2014,79.93,1885.079956
05/20/2014,80.230003,1872.829956
05/21/2014,80.489998,1888.030029
05/22/2014,80.650002,1892.48999
05/23/2014,80.519997,1900.530029
05/27/2014,80.080002,1911.910034
05/28/2014,80.099998,1909.780029
05/29/2014,80.400002,1920.030029
05/30/2014,80.790001,1923.569946
06/02/2014,80.360001,1924.969971
06/03/2014,79.93,1924.23999
06/04/2014,79.860001,1927.880005
06/05/2014,80.110001,1940.459961
06/06/2014,80.029999,1949.439941
06/09/2014,80.089996,1951.27002
06/10/2014,80.150002,1950.790039
06/11/2014,80.059998,1943.890015
06/12/2014,79.760002,1930.109985
06/13/2014,79.639999,1936.160034
06/16/2014,79.690002,1937.780029
06/17/2014,79.580002,1941.98999
06/18/2014,79.790001,1956.97998
06/19/2014,80.239998,1959.47998
06/20/2014,79.93,1962.869995
06/23/2014,79.519997,1962.609985
06/24/2014,79.010002,1949.97998
06/25/2014,79.32,1959.530029
06/26/2014,78.620003,1957.219971
06/27/2014,79.019997,1960.959961
06/30/2014,78.589996,1960.22998
07/01/2014,79.279999,1973.319946
07/02/2014,79.559998,1974.619995
07/03/2014,79.980003,1985.439941
07/07/2014,80.190002,1977.650024
07/08/2014,80.559998,1963.709961
07/09/2014,81.669998,1972.829956
07/10/2014,81.610001,1964.680054
07/11/2014,81.160004,1967.569946
07/14/2014,81.32,1977.099976
07/15/2014,81.260002,1973.280029
07/16/2014,80.940002,1981.569946
07/17/2014,80.400002,1958.119995
07/18/2014,80.550003,1978.219971
07/21/2014,80.279999,1973.630005
07/22/2014,80.099998,1983.530029
07/23/2014,79.989998,1987.01001
07/24/2014,80.260002,1987.97998
07/25/2014,79.559998,1978.339966
07/28/2014,79.260002,1978.910034
07/29/2014,78.650002,1969.949951
07/30/2014,78.160004,1970.069946
07/31/2014,77.32,1930.670044
08/01/2014,79.650002,1925.150024
08/04/2014,79.220001,1938.98999
08/05/2014,79.410004,1920.209961
08/06/2014,81.089996,1920.23999
08/07/2014,80.139999,1909.569946
08/08/2014,80.949997,1931.589966
08/11/2014,81.480003,1936.920044
08/12/2014,81.419998,1933.75
08/13/2014,81.480003,1946.719971
08/14/2014,81.949997,1955.180054
08/15/2014,81.779999,1955.060059
08/18/2014,82.440002,1971.73999
08/19/2014,82.690002,1981.599976
08/20/2014,82.809998,1986.51001
08/21/2014,83.279999,1992.369995
08/22/2014,83.389999,1988.400024
08/25/2014,83.540001,1997.920044
08/26/2014,83.379997,2000.02002
08/27/2014,83.309998,2000.119995
08/28/2014,83.029999,1996.73999
08/29/2014,83.110001,2003.369995
09/02/2014,82.980003,2002.280029
09/03/2014,82.900002,2000.719971
09/04/2014,83.699997,1997.650024
09/05/2014,83.769997,2007.709961
09/08/2014,83.32,2001.540039
09/09/2014,82.989998,1988.439941
09/10/2014,83.639999,1995.689941
09/11/2014,83.489998,1997.449951
09/12/2014,83.260002,1985.540039
09/15/2014,83.870003,1984.130005
09/16/2014,84.080002,1998.97998
09/17/2014,84.160004,2001.569946
09/18/2014,84.190002,2011.359985
09/19/2014,84.470001,2010.400024
09/22/2014,84.809998,1994.290039
09/23/2014,84.440002,1982.77002
09/24/2014,85.239998,1998.300049
09/25/2014,84.330002,1965.98999
09/26/2014,84.580002,1982.849976
09/29/2014,84.440002,1977.800049
09/30/2014,83.739998,1972.290039
10/01/2014,83.139999,1946.160034
10/02/2014,83.050003,1946.170044
10/03/2014,83.790001,1967.900024
10/06/2014,83.57,1964.819946
10/07/2014,83.160004,1935.099976
10/08/2014,84.18,1968.890015
10/09/2014,83.660004,1928.209961
10/10/2014,84.690002,1906.130005
10/13/2014,83.370003,1874.73999
10/14/2014,83.550003,1877.699951
10/15/2014,82.949997,1862.48999
10/16/2014,82.239998,1862.76001
10/17/2014,83.269997,1886.76001
10/20/2014,84.18,1904.01001
10/21/2014,84.610001,1941.280029
10/22/2014,84.230003,1927.109985
10/23/2014,83.230003,1950.819946
10/24/2014,85.160004,1964.579956
10/27/2014,85.949997,1961.630005
10/28/2014,86.470001,1985.050049
10/29/2014,86.540001,1982.300049
10/30/2014,86.940002,1994.650024
10/31/2014,87.269997,2018.050049
11/03/2014,87.379997,2017.810059
11/04/2014,88.639999,2012.099976
11/05/2014,89,2023.569946
11/06/2014,88.900002,2031.209961
11/07/2014,89.129997,2031.920044
11/10/2014,89.449997,2038.26001
11/11/2014,89.669998,2039.680054
11/12/2014,89.480003,2038.25
11/13/2014,88.599998,2039.329956
11/14/2014,88.110001,2039.819946
11/17/2014,87.839996,2041.319946
11/18/2014,87.949997,2051.800049
11/19/2014,88.730003,2048.719971
11/20/2014,88.470001,2052.75
11/21/2014,88.599998,2063.5
11/24/2014,88.110001,2069.409912
11/25/2014,88.800003,2067.030029
11/26/2014,88.879997,2072.830078
11/28/2014,90.43,2067.560059
12/01/2014,90.080002,2053.439941
12/02/2014,91.07,2066.550049
12/03/2014,90,2074.330078
12/04/2014,90.580002,2071.919922
12/05/2014,90.379997,2075.370117
12/08/2014,90.760002,2060.310059
12/09/2014,90.709999,2059.820068
12/10/2014,90,2026.140015
12/11/2014,90.410004,2035.329956
12/12/2014,89.550003,2002.329956
12/15/2014,89.199997,1989.630005
12/16/2014,89.360001,1972.73999
12/17/2014,90.699997,2012.890015
12/18/2014,92,2061.22998
12/19/2014,92.050003,2070.649902
12/22/2014,92.599998,2078.540039
12/23/2014,93.290001,2082.169922
12/24/2014,93.139999,2081.879883
12/26/2014,93.459999,2088.77002
12/29/2014,92.639999,2090.570068
12/30/2014,92.400002,2080.350098
12/31/2014,91.089996,2058.899902
01/02/2015,90.440002,2058.199951
01/05/2015,90.010002,2020.579956
01/06/2015,89.599998,2002.609985
01/07/2015,90.07,2025.900024
01/08/2015,91.099998,2062.139893
01/09/2015,90.25,2044.810059
01/12/2015,89.919998,2028.26001
01/13/2015,90.300003,2023.030029
01/14/2015,89.989998,2011.27002
01/15/2015,89.860001,1992.670044
01/16/2015,91.25,2019.420044
01/20/2015,91.190002,2022.550049
01/21/2015,90.730003,2032.119995
01/22/2015,91.620003,2063.149902
01/23/2015,90.080002,2051.820068
01/26/2015,89.580002,2057.090088
01/27/2015,86.489998,2029.550049
01/28/2015,85.150002,2002.160034
01/29/2015,85.669998,2021.25
01/30/2015,84.290001,1994.98999
02/02/2015,85.120003,2020.849976
02/03/2015,85.949997,2050.030029
02/04/2015,85.790001,2041.51001
02/05/2015,86.699997,2062.52002
02/06/2015,85.610001,2055.469971
02/09/2015,85.050003,2046.73999
02/10/2015,85.389999,2068.590088
02/11/2015,85.639999,2068.530029
02/12/2015,86.029999,2088.47998
02/13/2015,85.900002,2096.98999
02/17/2015,85.489998,2100.340088
02/18/2015,86.260002,2099.679932
02/19/2015,85.209999,2097.449951
02/20/2015,84.870003,2110.300049
02/23/2015,85.389999,2109.659912
02/24/2015,85.5,2115.47998
02/25/2015,85.459999,2113.860107
02/26/2015,85.169998,2110.73999
02/27/2015,85.129997,2104.5
03/02/2015,85.410004,2117.389893
03/03/2015,85.160004,2107.780029
03/04/2015,84.349998,2098.530029
03/05/2015,84.629997,2101.040039
03/06/2015,82.660004,2071.26001
03/09/2015,83.089996,2079.429932
03/10/2015,81.540001,2044.160034
03/11/2015,81.389999,2040.23999
03/12/2015,82.089996,2065.949951
03/13/2015,81.830002,2053.399902
03/16/2015,83.559998,2081.189941
03/17/2015,82.849998,2074.280029
03/18/2015,83.75,2099.5
03/19/2015,83.379997,2089.27002
03/20/2015,84.739998,2108.100098
03/23/2015,84.860001,2104.419922
03/24/2015,83.919998,2091.5
03/25/2015,83.010002,2061.050049
03/26/2015,82.150002,2056.149902
03/27/2015,82.309998,2061.02002
03/30/2015,82.720001,2086.23999
03/31/2015,81.940002,2067.889893
04/01/2015,82.32,2059.689941
04/02/2015,82.43,2066.959961
04/06/2015,83.040001,2080.620117
04/07/2015,82.389999,2076.330078
04/08/2015,82.769997,2081.899902
04/09/2015,82.889999,2091.179932
04/10/2015,83.349998,2102.060059
04/13/2015,83.43,2092.429932
04/14/2015,83.599998,2095.840088
04/15/2015,83.510002,2106.629883
04/16/2015,83.5,2104.98999
04/17/2015,82.529999,2081.179932
04/20/2015,82.870003,2100.399902
04/21/2015,83.080002,2097.290039
04/22/2015,83.089996,2107.959961
04/23/2015,80.949997,2112.929932
04/24/2015,81,2117.689941
04/27/2015,80.599998,2108.919922
04/28/2015,80.419998,2114.76001
04/29/2015,79.849998,2106.850098
04/30/2015,79.510002,2085.51001
05/01/2015,80.290001,2108.290039
05/04/2015,80.349998,2114.48999
05/05/2015,80.07,2089.459961
05/06/2015,80.400002,2080.149902
05/07/2015,80.199997,2088
05/08/2015,80.959999,2116.100098
05/11/2015,80.269997,2105.330078
05/12/2015,79.949997,2099.120117
05/13/2015,79.699997,2098.47998
05/14/2015,80.57,2121.100098
05/15/2015,81.050003,2122.72998
05/18/2015,80.739998,2129.199951
05/19/2015,80.830002,2127.830078
05/20/2015,80.480003,2125.850098
05/21/2015,80.410004,2130.820068
05/22/2015,79.949997,2126.060059
05/26/2015,79.139999,2104.199951
05/27/2015,79.389999,2123.47998
05/28/2015,79.330002,2120.790039
05/29/2015,78.389999,2107.389893
06/01/2015,78.849998,2111.72998
06/02/2015,78.540001,2109.600098
06/03/2015,78.559998,2114.070068
06/04/2015,78.150002,2095.840088
06/05/2015,77.43,2092.830078
06/08/2015,77.709999,2079.280029
06/09/2015,78.900002,2080.149902
06/10/2015,79.540001,2105.199951
06/11/2015,79.410004,2108.860107
06/12/2015,78.870003,2094.110107
06/15/2015,78.120003,2084.429932
06/16/2015,79.099998,2096.290039
06/17/2015,80.080002,2100.439941
06/18/2015,80.82,2121.23999
06/19/2015,80.540001,2109.98999
06/22/2015,80.449997,2122.850098
06/23/2015,79.790001,2124.199951
06/24/2015,79.510002,2108.580078
06/25/2015,79.389999,2102.310059
06/26/2015,79.339996,2101.48999
06/29/2015,78.32,2057.639893
06/30/2015,78.239998,2063.110107
07/01/2015,79.720001,2077.419922
07/02/2015,79.93,2076.780029
07/06/2015,80.050003,2068.76001
07/07/2015,81.720001,2081.340088
07/08/2015,80.989998,2046.680054
07/09/2015,80.660004,2051.310059
07/10/2015,80.949997,2076.620117
07/13/2015,81.910004,2099.600098
07/14/2015,82.040001,2108.949951
07/15/2015,82.150002,2107.399902
07/16/2015,82.300003,2124.290039
07/17/2015,82.239998,2126.639893
07/20/2015,82.190002,2128.280029
07/21/2015,81.629997,2119.209961
07/22/2015,80.830002,2114.149902
07/23/2015,80.699997,2102.149902
07/24/2015,80.290001,2079.649902
07/27/2015,79.970001,2067.639893
07/28/2015,80.230003,2093.25
07/29/2015,80.620003,2108.570068
07/30/2015,77.389999,2108.629883
07/31/2015,76.699997,2103.840088
08/03/2015,76.400002,2098.040039
08/04/2015,75.910004,2093.320068
08/05/2015,75.769997,2099.840088
08/06/2015,75.739998,2083.560059
08/07/2015,75.480003,2077.570068
08/10/2015,76.379997,2104.179932
08/11/2015,76.220001,2084.070068
08/12/2015,76.389999,2086.050049
08/13/2015,75.779999,2083.389893
08/14/2015,75.620003,2091.540039
08/17/2015,75.529999,2102.439941
08/18/2015,75.129997,2096.919922
08/19/2015,74.120003,2079.610107
08/20/2015,73.910004,2035.72998
08/21/2015,71.839996,1970.890015
08/24/2015,69.139999,1893.209961
08/25/2015,68.419998,1867.609985
08/26/2015,70.900002,1940.51001
08/27/2015,71.480003,1987.660034
08/28/2015,71.209999,1988.869995
08/31/2015,70.669998,1972.180054
09/01/2015,68.900002,1913.849976
09/02/2015,69.809998,1948.859985
09/03/2015,69.93,1951.130005
09/04/2015,68.760002,1921.219971
09/08/2015,69.980003,1969.410034
09/09/2015,68.480003,1942.040039
09/10/2015,68.32,1952.290039
09/11/2015,68.419998,1961.050049
09/14/2015,68.059998,1953.030029
09/15/2015,69.449997,1978.089966
09/16/2015,70.099998,1995.310059
09/17/2015,70.239998,1990.199951
09/18/2015,69.940002,1958.030029
09/21/2015,70.650002,1966.969971
09/22/2015,70.190002,1942.73999
09/23/2015,70.260002,1938.76001
09/24/2015,71.360001,1932.23999
09/25/2015,72.669998,1931.339966
09/28/2015,71.769997,1881.77002
09/29/2015,72.279999,1884.089966
09/30/2015,71.940002,1920.030029
10/01/2015,71.949997,1923.819946
10/02/2015,72.419998,1951.359985
10/05/2015,73.220001,1987.050049
10/06/2015,73.400002,1979.920044
10/07/2015,73.720001,1995.829956
10/08/2015,74.400002,2013.430054
10/09/2015,74.480003,2014.890015
10/12/2015,74.330002,2017.459961
10/13/2015,74.110001,2003.689941
10/14/2015,74.209999,1994.23999
10/15/2015,74.269997,2023.859985
10/16/2015,74.900002,2033.109985
10/19/2015,75.160004,2033.660034
10/20/2015,74.43,2030.77002
10/21/2015,73.589996,2018.939941
10/22/2015,74.849998,2052.51001
10/23/2015,77.029999,2075.149902
10/26/2015,77.489998,2071.179932
10/27/2015,77.290001,2065.889893
10/28/2015,76.510002,2090.350098
10/29/2015,77.019997,2089.409912
10/30/2015,76.379997,2079.360107
11/02/2015,76.599998,2104.050049
11/03/2015,77.050003,2109.790039
11/04/2015,77.059998,2102.310059
11/05/2015,76.389999,2099.929932
11/06/2015,75.57,2099.199951
11/09/2015,75.400002,2078.580078
11/10/2015,75.769997,2081.719971
11/11/2015,75.959999,2075
11/12/2015,74.660004,2045.969971
11/13/2015,73.959999,2023.040039
11/16/2015,75.300003,2053.189941
11/17/2015,75.07,2050.439941
11/18/2015,75.900002,2083.580078
11/19/2015,76.220001,2081.23999
11/20/2015,75.82,2089.169922
11/23/2015,75.970001,2086.590088
11/24/2015,76.449997,2089.139893
11/25/2015,75.900002,2088.870117
11/27/2015,75.699997,2090.110107
11/30/2015,74.839996,2080.409912
12/01/2015,75.940002,2102.629883
12/02/2015,75.790001,2079.51001
12/03/2015,75.739998,2049.620117
12/04/2015,77.830002,2091.689941
12/07/2015,78.370003,2077.070068
12/08/2015,77.75,2063.590088
12/09/2015,77.699997,2047.619995
12/10/2015,77.790001,2052.22998
12/11/2015,77.779999,2012.369995
12/14/2015,78.290001,2021.939941
12/15/2015,79.68,2043.410034
12/16/2015,80.989998,2073.070068
12/17/2015,80.290001,2041.890015
12/18/2015,78.129997,2005.550049
12/21/2015,78.949997,2021.150024
12/22/2015,79.599998,2038.969971
12/23/2015,79.919998,2064.290039
12/24/2015,79.790001,2060.98999
12/28/2015,79.919998,2056.5
12/29/2015,80.360001,2078.360107
12/30/2015,80.07,2063.360107
12/31/2015,79.410004,2043.939941
01/04/2016,78.370003,2012.660034
01/05/2016,78.620003,2016.709961
01/06/2016,77.860001,1990.26001
01/07/2016,77.18,1943.089966
01/08/2016,75.970001,1922.030029
01/11/2016,76.669998,1923.670044
01/12/2016,76.510002,1938.680054
01/13/2016,75.849998,1890.280029
01/14/2016,76.150002,1921.839966
01/15/2016,74.980003,1880.329956
01/19/2016,76.730003,1881.329956
01/20/2016,75.830002,1859.329956
01/21/2016,76.720001,1868.98999
01/22/2016,77.360001,1906.900024
01/25/2016,76.849998,1877.079956
01/26/2016,78.809998,1903.630005
01/27/2016,78.800003,1882.949951
01/28/2016,79.82,1893.359985
01/29/2016,81.690002,1940.23999
02/01/2016,81.120003,1939.380005
02/02/2016,80.220001,1903.030029
02/03/2016,81.099998,1912.530029
02/04/2016,80.699997,1915.449951
02/05/2016,81.199997,1880.050049
02/08/2016,82.620003,1853.439941
02/09/2016,82.639999,1852.209961
02/10/2016,81.620003,1851.859985
02/11/2016,79.900002,1829.079956
02/12/2016,80.989998,1864.780029
02/16/2016,81.470001,1895.579956
02/17/2016,82.449997,1926.819946
02/18/2016,81.980003,1917.829956
02/19/2016,81.790001,1917.780029
02/22/2016,82.129997,1945.5
02/23/2016,81.809998,1921.27002
02/24/2016,81.559998,1929.800049
02/25/2016,82.339996,1951.699951
02/26/2016,81.099998,1948.050049
02/29/2016,80.290001,1932.22998
03/01/2016,81.230003,1978.349976
03/02/2016,82.550003,1986.449951
03/03/2016,82.839996,1993.400024
03/04/2016,83.489998,1999.98999
03/07/2016,83.099998,2001.76001
03/08/2016,83.059998,1979.26001
03/09/2016,82.959999,1989.26001
03/10/2016,82.279999,1989.569946
03/11/2016,81.75,2022.189941
03/14/2016,81.169998,2019.640015
03/15/2016,81.309998,2015.930054
03/16/2016,81.339996,2027.219971
03/17/2016,82.75,2040.589966
03/18/2016,83.150002,2049.580078
03/21/2016,83.32,2051.600098
03/22/2016,82.739998,2049.800049
03/23/2016,82.82,2036.709961
03/24/2016,82.889999,2035.939941
03/28/2016,82.620003,2037.050049
03/29/2016,82.800003,2055.01001
03/30/2016,82.68,2063.949951
03/31/2016,82.309998,2059.73999
04/01/2016,83.529999,2072.780029
04/04/2016,83.209999,2066.129883
04/05/2016,83.160004,2045.170044
04/06/2016,83.809998,2066.659912
04/07/2016,83.239998,2041.910034
04/08/2016,83.199997,2047.599976
04/11/2016,82.730003,2041.98999
04/12/2016,82.830002,2061.719971
04/13/2016,82.459999,2082.419922
04/14/2016,82.010002,2082.780029
04/15/2016,82.300003,2080.72998
04/18/2016,82.830002,2094.340088
04/19/2016,83.279999,2100.800049
04/20/2016,81.550003,2102.399902
04/21/2016,80.800003,2091.47998
04/22/2016,80.949997,2091.580078
04/25/2016,81.410004,2087.790039
04/26/2016,79.550003,2091.699951
04/27/2016,79.889999,2095.149902
04/28/2016,79.760002,2075.810059
04/29/2016,80.120003,2065.300049
05/02/2016,80.970001,2081.429932
05/03/2016,81.099998,2063.370117
05/04/2016,81.599998,2051.120117
05/05/2016,81.300003,2050.629883
05/06/2016,82.129997,2057.139893
05/09/2016,82.120003,2058.689941
05/10/2016,82.480003,2084.389893
05/11/2016,82.150002,2064.459961
05/12/2016,82.410004,2064.110107
05/13/2016,81.230003,2046.609985
05/16/2016,81.629997,2066.659912
05/17/2016,80.620003,2047.209961
05/18/2016,79.849998,2047.630005
05/19/2016,80.190002,2040.040039
05/20/2016,80.019997,2052.320068
05/23/2016,80.199997,2048.040039
05/24/2016,80.970001,2076.060059
05/25/2016,81.480003,2090.540039
05/26/2016,81.220001,2090.100098
05/27/2016,81.43,2099.060059
05/31/2016,81.040001,2096.949951
06/01/2016,81.790001,2099.330078
06/02/2016,81.949997,2105.26001
06/03/2016,82.470001,2099.129883
06/06/2016,82.769997,2109.409912
06/07/2016,82.32,2112.129883
06/08/2016,82.650002,2119.120117
06/09/2016,83.169998,2115.47998
06/10/2016,83.199997,2096.070068
06/13/2016,82.57,2079.060059
06/14/2016,83.349998,2075.320068
06/15/2016,82.949997,2071.5
06/16/2016,83.410004,2077.98999
06/17/2016,83.129997,2071.219971
06/20/2016,83.040001,2083.25
06/21/2016,83.410004,2088.899902
06/22/2016,83.57,2085.449951
06/23/2016,84.209999,2113.320068
06/24/2016,82.260002,2037.410034
06/27/2016,81.230003,2000.540039
06/28/2016,82.459999,2036.089966
06/29/2016,83.910004,2066.089966
06/30/2016,84.669998,2098.860107
07/01/2016,84.779999,2102.949951
07/05/2016,85.440002,2088.550049
07/06/2016,85.029999,2099.72998
07/07/2016,84.830002,2097.899902
07/08/2016,85.769997,2129.899902
07/11/2016,85.75,2137.159912
07/12/2016,85.75,2152.139893
07/13/2016,85.889999,2152.429932
07/14/2016,85.870003,2163.75
07/15/2016,86.010002,2161.73999
07/18/2016,85.93,2166.889893
07/19/2016,86.169998,2163.780029
07/20/2016,85.32,2173.02002
07/21/2016,85.260002,2165.169922
07/22/2016,85.720001,2175.030029
07/25/2016,85.800003,2168.47998
07/26/2016,85.269997,2169.179932
07/27/2016,84.459999,2166.580078
07/28/2016,84.809998,2170.060059
07/29/2016,85.589996,2173.600098
08/01/2016,86.410004,2170.840088
08/02/2016,86.760002,2157.030029
08/03/2016,85.970001,2163.790039
08/04/2016,86.050003,2164.25
08/05/2016,85.779999,2182.870117
08/08/2016,85.760002,2180.889893
08/09/2016,85.989998,2181.73999
08/10/2016,86.309998,2175.48999
08/11/2016,86.730003,2185.790039
08/12/2016,87.040001,2184.050049
08/15/2016,87.019997,2190.149902
08/16/2016,86.580002,2178.149902
08/17/2016,86.959999,2182.219971
08/18/2016,87.440002,2187.02002
08/19/2016,87.309998,2183.870117
08/22/2016,86.849998,2182.639893
08/23/2016,87.400002,2186.899902
08/24/2016,87.309998,2175.439941
08/25/2016,87.900002,2172.469971
08/26/2016,87.580002,2169.040039
08/29/2016,88.300003,2180.379883
08/30/2016,87.540001,2176.120117
08/31/2016,87.309998,2170.949951
09/01/2016,88.309998,2170.860107
09/02/2016,88.199997,2179.97998
09/06/2016,88.639999,2186.47998
09/07/2016,87.949997,2186.159912
09/08/2016,87.779999,2181.300049
09/09/2016,86.239998,2127.810059
09/12/2016,88.25,2159.040039
09/13/2016,87.050003,2127.02002
09/14/2016,87.010002,2125.77002
09/15/2016,88.059998,2147.26001
09/16/2016,88.050003,2139.159912
09/19/2016,88.370003,2139.120117
09/20/2016,88.580002,2139.76001
09/21/2016,87.800003,2163.120117
09/22/2016,88.989998,2177.179932
09/23/2016,87.760002,2164.689941
09/26/2016,87.849998,2146.100098
09/27/2016,88.360001,2159.929932
09/28/2016,89.459999,2171.370117
09/29/2016,88.230003,2151.129883
09/30/2016,89.75,2168.27002
10/03/2016,88.660004,2161.199951
10/04/2016,88.349998,2150.48999
10/05/2016,88.849998,2159.72998
10/06/2016,89.220001,2160.77002
10/07/2016,90,2153.73999
10/10/2016,89.059998,2163.659912
10/11/2016,88.540001,2136.72998
10/12/2016,88.57,2139.179932
10/13/2016,88.239998,2132.550049
10/14/2016,88.43,2132.97998
10/17/2016,87.830002,2126.5
10/18/2016,87.449997,2139.600098
10/19/2016,85.540001,2144.290039
10/20/2016,84.93,2141.340088
10/21/2016,84.330002,2141.159912
10/24/2016,84.099998,2151.330078
10/25/2016,86.970001,2143.159912
10/26/2016,87.400002,2139.429932
10/27/2016,86.580002,2133.040039
10/28/2016,86.839996,2126.409912
10/31/2016,86.800003,2126.149902
11/01/2016,86.849998,2111.719971
11/02/2016,86.739998,2097.939941
11/03/2016,86.599998,2088.659912
11/04/2016,85.080002,2085.179932
11/07/2016,86.559998,2131.52002
11/08/2016,87.459999,2139.560059
11/09/2016,85.93,2163.26001
11/10/2016,82.959999,2167.47998
11/11/2016,83.580002,2164.449951
11/14/2016,83,2164.199951
11/15/2016,83.620003,2180.389893
11/16/2016,83.190002,2176.939941
11/17/2016,83.07,2187.120117
11/18/2016,82,2181.899902
11/21/2016,82.639999,2198.179932
11/22/2016,82.760002,2202.939941
11/23/2016,82.68,2204.719971
11/25/2016,83.459999,2213.350098
11/28/2016,83.07,2201.719971
11/29/2016,82.889999,2204.659912
11/30/2016,82.459999,2198.810059
12/01/2016,81.860001,2191.080078
12/02/2016,82.400002,2191.949951
12/05/2016,82.989998,2204.709961
12/06/2016,82.910004,2212.22998
12/07/2016,84.18,2241.350098
12/08/2016,83.5,2246.189941
12/09/2016,84.370003,2259.530029
12/12/2016,85.129997,2256.959961
12/13/2016,85.18,2271.719971
12/14/2016,84.370003,2253.280029
12/15/2016,84.68,2262.030029
12/16/2016,84.68,2258.070068
12/19/2016,84.709999,2262.530029
12/20/2016,84.57,2270.76001
12/21/2016,84.279999,2265.179932
12/22/2016,84.470001,2260.959961
12/23/2016,84.959999,2263.790039
12/27/2016,84.599998,2268.879883
12/28/2016,84.07,2249.919922
12/29/2016,84.349998,2249.26001
12/30/2016,84.080002,2238.830078
01/03/2017,84.199997,2257.830078
01/04/2017,84.5,2270.75
01/05/2017,85.059998,2269
01/06/2017,85.029999,2276.97998
01/09/2017,84.400002,2268.899902
01/10/2017,83.489998,2268.899902
01/11/2017,83.75,2275.320068
01/12/2017,83.839996,2270.439941
01/13/2017,84.010002,2274.639893
01/17/2017,85.209999,2267.889893
01/18/2017,84.93,2271.889893
01/19/2017,84.699997,2263.689941
01/20/2017,87.449997,2271.310059
01/23/2017,86.959999,2265.199951
01/24/2017,87.860001,2280.070068
01/25/2017,87.160004,2298.370117
01/26/2017,86.599998,2296.679932
01/27/2017,86.720001,2294.689941
01/30/2017,86.75,2280.899902
01/31/2017,87.599998,2278.870117
02/01/2017,87.330002,2279.550049
02/02/2017,87.760002,2280.850098
02/03/2017,87.410004,2297.419922
02/06/2017,87.400002,2292.560059
02/07/2017,88.010002,2293.080078
02/08/2017,88.330002,2294.669922
02/09/2017,88.669998,2307.870117
02/10/2017,87.970001,2316.100098
02/13/2017,88.309998,2328.25
02/14/2017,87.860001,2337.580078
02/15/2017,91.120003,2349.25
02/16/2017,90.790001,2347.219971
02/17/2017,91.089996,2351.159912
02/21/2017,91.669998,2365.379883
02/22/2017,91.440002,2362.820068
02/23/2017,91.129997,2363.810059
02/24/2017,91.050003,2367.340088
02/27/2017,90.889999,2369.75
02/28/2017,91.07,2363.639893
03/01/2017,91.660004,2395.959961
03/02/2017,90.910004,2381.919922
03/03/2017,90.5,2383.120117
03/06/2017,90.370003,2375.310059
03/07/2017,90.290001,2368.389893
03/08/2017,90.139999,2362.97998
03/09/2017,90.339996,2364.870117
03/10/2017,91.07,2372.600098
03/13/2017,91.309998,2373.469971
03/14/2017,91,2365.449951
03/15/2017,91.400002,2385.26001
03/16/2017,91.440002,2381.379883
03/17/2017,91,2378.25
03/20/2017,91.220001,2373.469971
03/21/2017,91.190002,2344.02002
03/22/2017,90.989998,2348.449951
03/23/2017,90.769997,2345.959961
03/24/2017,90.57,2343.97998
